, time, Time(h), current, voltage,Cycle, step, disAh, chgAh
0,0.0,0.0,0.0,2.773021352956505,0.0,1.0,0.0,0.0
1,60.0,0.0166666666666666,0.0,2.7747661407167463,0.0,1.0,0.0,0.0
2,120.0,0.0333333333333333,0.0,2.7762617007045653,0.0,1.0,0.0,0.0
3,180.0,0.05,0.0,2.777545651711008,0.0,1.0,0.0,0.0
4,240.0,0.0666666666666666,0.0,2.778649375473755,0.0,1.0,0.0,0.0
5,300.0,0.0833333333333333,0.0,2.7795991712323014,0.0,1.0,0.0,0.0
6,360.0,0.1,0.0,2.780412675059704,0.0,1.0,0.0,0.0
7,420.0,0.1166666666666666,0.0,2.7811142771222768,0.0,1.0,0.0,0.0
8,480.0,0.1333333333333333,0.0,2.781719735092657,0.0,1.0,0.0,0.0
9,540.0,0.15,0.0,2.782242491345672,0.0,1.0,0.0,0.0
10,600.0,0.1666666666666666,0.0,2.782694038530328,0.0,1.0,0.0,0.0
11,660.0,0.1833333333333333,0.0,2.7830845084130025,0.0,1.0,0.0,0.0
12,720.0,0.2,0.0,2.7834226173367584,0.0,1.0,0.0,0.0
13,780.0,0.2166666666666666,0.0,2.7837154463824367,0.0,1.0,0.0,0.0
14,840.0,0.2333333333333333,0.0,2.783969100970236,0.0,1.0,0.0,0.0
15,900.0,0.25,0.0,2.784188850216821,0.0,1.0,0.0,0.0
16,960.0,0.2666666666666666,0.0,2.784379245082039,0.0,1.0,0.0,0.0
17,1020.0,0.2833333333333333,0.0,2.7845442188746685,0.0,1.0,0.0,0.0
18,1080.0,0.3,0.0,2.784687172998044,0.0,1.0,0.0,0.0
19,1140.0,0.3166666666666666,0.0,2.784811022935441,0.0,1.0,0.0,0.0
20,1200.0,0.3333333333333333,0.0,2.7849184131869333,0.0,1.0,0.0,0.0
21,1260.0,0.35,0.0,2.78501153794266,0.0,1.0,0.0,0.0
22,1320.0,0.3666666666666666,0.0,2.7850923407121373,0.0,1.0,0.0,0.0
23,1380.0,0.3833333333333333,0.0,2.785162374380227,0.0,1.0,0.0,0.0
24,1440.0,0.4,0.0,2.7852231147259428,0.0,1.0,0.0,0.0
25,1500.0,0.4166666666666667,0.0,2.7852757970479987,0.0,1.0,0.0,0.0
26,1560.0,0.4333333333333333,0.0,2.7853214919203726,0.0,1.0,0.0,0.0
27,1620.0,0.45,0.0,2.785361127289985,0.0,1.0,0.0,0.0
28,1680.0,0.4666666666666667,0.0,2.78539550757671,0.0,1.0,0.0,0.0
29,1740.0,0.4833333333333333,0.0,2.785425330190778,0.0,1.0,0.0,0.0
30,1800.0,0.5,0.0,2.785451199823051,0.0,1.0,0.0,0.0
31,1860.0,0.5166666666666667,0.0,2.785473640813128,0.0,1.0,0.0,0.0
32,1920.0,0.5333333333333333,0.0,2.785493107857291,0.0,1.0,0.0,0.0
33,1980.0,0.55,0.0,2.7855099952817404,0.0,1.0,0.0,0.0
34,2040.0,0.5666666666666667,0.0,2.785524645075294,0.0,1.0,0.0,0.0
35,2100.0,0.5833333333333334,0.0,2.7855373538489325,0.0,1.0,0.0,0.0
36,2160.0,0.6,0.0,2.785548378866658,0.0,1.0,0.0,0.0
37,2220.0,0.6166666666666667,0.0,2.7855579432724045,0.0,1.0,0.0,0.0
38,2280.0,0.6333333333333333,0.0,2.78556624062077,0.0,1.0,0.0,0.0
39,2340.0,0.65,0.0,2.7855734388047537,0.0,1.0,0.0,0.0
40,2400.0,0.6666666666666666,0.0,2.7855796834610884,0.0,1.0,0.0,0.0
41,2460.0,0.6833333333333333,0.0,2.785585100922916,0.0,1.0,0.0,0.0
42,2520.0,0.7,0.0,2.7855898007801554,0.0,1.0,0.0,0.0
43,2580.0,0.7166666666666667,0.0,2.7855938780998373,0.0,1.0,0.0,0.0
44,2640.0,0.7333333333333333,0.0,2.7855974153516705,0.0,1.0,0.0,0.0
45,2700.0,0.75,0.0,2.7856004840780577,0.0,1.0,0.0,0.0
46,2760.0,0.7666666666666667,0.0,2.7856031463425333,0.0,1.0,0.0,0.0
47,2820.0,0.7833333333333333,0.0,2.785605455986063,0.0,1.0,0.0,0.0
48,2880.0,0.8,0.0,2.785607459716746,0.0,1.0,0.0,0.0
49,2940.0,0.8166666666666667,0.0,2.7856091980550106,0.0,1.0,0.0,0.0
50,3000.0,0.8333333333333334,0.0,2.785610706153509,0.0,1.0,0.0,0.0
51,3060.0,0.85,0.0,2.7856120145083274,0.0,1.0,0.0,0.0
52,3120.0,0.8666666666666667,0.0,2.785613129055079,0.0,1.0,0.0,0.0
53,3180.0,0.8833333333333333,0.0,2.785614098653291,0.0,1.0,0.0,0.0
54,3240.0,0.9,0.0,2.785614942154252,0.0,1.0,0.0,0.0
55,3300.0,0.9166666666666666,0.0,2.7856156759574224,0.0,1.0,0.0,0.0
56,3360.0,0.9333333333333332,0.0,2.7856163143293524,0.0,1.0,0.0,0.0
57,3420.0,0.95,0.0,2.785616869681113,0.0,1.0,0.0,0.0
58,3480.0,0.9666666666666668,0.0,2.785617352809629,0.0,1.0,0.0,0.0
59,3540.0,0.9833333333333332,0.0,2.785617773107626,0.0,1.0,0.0,0.0
60,3600.0,1.0,0.0,2.785618138746264,0.0,1.0,0.0,0.0
61,3600.000000001,1.0000000000002778,0.0766666666666666,2.779563218596484,0.0,2.0,2.1296298058359736e-14,0.0
62,3660.0,1.0166666666666666,0.0766666666666666,2.761976785292373,0.0,2.0,0.0012777777777777722,0.0
63,3720.0,1.0333333333333334,0.0766666666666666,2.7526295507515948,0.0,2.0,0.0025555555555555618,0.0
64,3780.0,1.05,0.0766666666666666,2.744919804747914,0.0,2.0,0.003833333333333334,0.0
65,3840.0,1.0666666666666669,0.0766666666666666,2.737949202184967,0.0,2.0,0.0051111111111111236,0.0
66,3900.0,1.0833333333333333,0.0766666666666666,2.7314029960381445,0.0,2.0,0.006388888888888879,0.0
67,3960.0,1.1,0.0766666666666666,2.725124933618328,0.0,2.0,0.007666666666666668,0.0
68,4020.0,1.1166666666666667,0.0766666666666666,2.719023520888291,0.0,2.0,0.00894444444444444,0.0
69,4080.0,1.1333333333333333,0.0766666666666666,2.7130396979710514,0.0,2.0,0.010222222222222212,0.0
70,4140.0,1.15,0.0766666666666666,2.70713189110752,0.0,2.0,0.011499999999999984,0.0
71,4200.0,1.1666666666666667,0.0766666666666666,2.701268296507881,0.0,2.0,0.012777777777777773,0.0
72,4260.0,1.1833333333333331,0.0766666666666666,2.6954247173215906,0.0,2.0,0.014055555555555528,0.0
73,4320.0,1.2,0.0766666666666666,2.6895833172455887,0.0,2.0,0.015333333333333317,0.0
74,4380.0,1.2166666666666666,0.0766666666666666,2.683729475681951,0.0,2.0,0.01661111111111109,0.0
75,4440.0,1.2333333333333334,0.0766666666666666,2.6778509403589648,0.0,2.0,0.01788888888888888,0.0
76,4500.0,1.25,0.0766666666666666,2.6719372482906936,0.0,2.0,0.019166666666666655,0.0
77,4560.0,1.2666666666666666,0.0766666666666666,2.6659793193241854,0.0,2.0,0.02044444444444443,0.0
78,4620.0,1.2833333333333334,0.0766666666666666,2.659969163766184,0.0,2.0,0.02172222222222222,0.0
79,4680.0,1.3,0.0766666666666666,2.6538996671794783,0.0,2.0,0.022999999999999993,0.0
80,4740.0,1.3166666666666669,0.0766666666666666,2.647764428450557,0.0,2.0,0.024277777777777784,0.0
81,4800.0,1.3333333333333333,0.0766666666666666,2.641557635329057,0.0,2.0,0.02555555555555554,0.0
82,4860.0,1.35,0.0766666666666666,2.63527405305706,0.0,2.0,0.02683333333333333,0.0
83,4920.0,1.3666666666666667,0.0766666666666666,2.628908565623133,0.0,2.0,0.028111111111111104,0.0
84,4980.0,1.3833333333333333,0.0766666666666666,2.6224566294893386,0.0,2.0,0.029388888888888878,0.0
85,5040.0,1.4,0.0766666666666666,2.615913915168316,0.0,2.0,0.03066666666666665,0.0
86,5100.0,1.4166666666666667,0.0766666666666666,2.609276599749421,0.0,2.0,0.03194444444444444,0.0
87,5160.0,1.4333333333333331,0.0766666666666666,2.602540809769355,0.0,2.0,0.033222222222222195,0.0
88,5220.0,1.45,0.0766666666666666,2.5957029478147486,0.0,2.0,0.03449999999999998,0.0
89,5280.0,1.4666666666666666,0.0766666666666666,2.5887595723068104,0.0,2.0,0.035777777777777756,0.0
90,5340.0,1.4833333333333334,0.0766666666666666,2.581707373679124,0.0,2.0,0.03705555555555554,0.0
91,5400.0,1.5,0.0766666666666666,2.574543153565338,0.0,2.0,0.038333333333333316,0.0
92,5460.0,1.5166666666666666,0.0766666666666666,2.5672638065402094,0.0,2.0,0.03961111111111109,0.0
93,5520.0,1.5333333333333334,0.0766666666666666,2.559866304044993,0.0,2.0,0.04088888888888888,0.0
94,5580.0,1.55,0.0766666666666666,2.5523476801941403,0.0,2.0,0.04216666666666665,0.0
95,5640.0,1.5666666666666669,0.0766666666666666,2.5447050192109923,0.0,2.0,0.04344444444444444,0.0
96,5700.0,1.5833333333333333,0.0766666666666666,2.536935444279803,0.0,2.0,0.04472222222222219,0.0
97,5760.0,1.6,0.0766666666666666,2.529036107633076,0.0,2.0,0.04599999999999998,0.0
98,5820.0,1.6166666666666667,0.0766666666666666,2.521004181718812,0.0,2.0,0.04727777777777775,0.0
99,5880.0,1.6333333333333333,0.0766666666666666,2.5128368513133843,0.0,2.0,0.048555555555555525,0.0
100,5940.0,1.65,0.0766666666666666,2.5045313064633725,0.0,2.0,0.0498333333333333,0.0
101,6000.0,1.6666666666666667,0.0766666666666666,2.496084736154573,0.0,2.0,0.051111111111111086,0.0
102,6060.0,1.6833333333333331,0.0766666666666666,2.487494322619079,0.0,2.0,0.05238888888888884,0.0
103,6120.0,1.7,0.0766666666666666,2.4787572362022425,0.0,2.0,0.053666666666666626,0.0
104,6180.0,1.7166666666666666,0.0766666666666666,2.469870630720747,0.0,2.0,0.0549444444444444,0.0
105,6240.0,1.7333333333333334,0.0766666666666666,2.460831639251216,0.0,2.0,0.05622222222222219,0.0
106,6300.0,1.75,0.0766666666666666,2.4516373702959364,0.0,2.0,0.05749999999999996,0.0
107,6360.0,1.7666666666666666,0.0766666666666666,2.4422849042784907,0.0,2.0,0.058777777777777734,0.0
108,6420.0,1.7833333333333334,0.0766666666666666,2.4327712903276075,0.0,2.0,0.06005555555555552,0.0
109,6480.0,1.8,0.0766666666666666,2.4230935433123006,0.0,2.0,0.061333333333333295,0.0
110,6540.0,1.8166666666666669,0.0766666666666666,2.413248641095604,0.0,2.0,0.06261111111111109,0.0
111,6600.0,1.8333333333333333,0.0766666666666666,2.403233521977884,0.0,2.0,0.06388888888888884,0.0
112,6660.0,1.85,0.0766666666666666,2.3930450823039853,0.0,2.0,0.06516666666666664,0.0
113,6720.0,1.8666666666666667,0.0766666666666666,2.3826801742112647,0.0,2.0,0.0664444444444444,0.0
114,6780.0,1.8833333333333333,0.0766666666666666,2.3721356034981307,0.0,2.0,0.06772222222222217,0.0
115,6840.0,1.9,0.0766666666666666,2.3614081275947907,0.0,2.0,0.06899999999999994,0.0
116,6900.0,1.9166666666666667,0.0766666666666666,2.3504945099126235,0.0,2.0,0.07027777777777773,0.0
117,6960.0,1.9333333333333331,0.0766666666666666,2.3393913360214595,0.0,2.0,0.07155555555555548,0.0
118,7020.0,1.95,0.0766666666666666,2.32809520913566,0.0,2.0,0.07283333333333328,0.0
119,7080.0,1.9666666666666663,0.0766666666666666,2.316602676350426,0.0,2.0,0.07411111111111103,0.0
120,7140.0,1.9833333333333332,0.0766666666666666,2.304910226959524,0.0,2.0,0.07538888888888882,0.0
121,7200.0,2.0,0.0766666666666666,2.2930142907905964,0.0,2.0,0.07666666666666662,0.0
122,7260.0,2.0166666666666666,0.0766666666666666,2.280911236549655,0.0,2.0,0.07794444444444439,0.0
123,7320.0,2.033333333333333,0.0766666666666666,2.268597370166746,0.0,2.0,0.07922222222222215,0.0
124,7380.0,2.05,0.0766666666666666,2.256068933135201,0.0,2.0,0.08049999999999992,0.0
125,7440.0,2.066666666666667,0.0766666666666666,2.243322100836996,0.0,2.0,0.08177777777777773,0.0
126,7500.0,2.083333333333333,0.0766666666666666,2.2303529808469698,0.0,2.0,0.08305555555555547,0.0
127,7560.0,2.1,0.0766666666666666,2.2171576112085685,0.0,2.0,0.08433333333333327,0.0
128,7620.0,2.1166666666666667,0.0766666666666666,2.2037319586736754,0.0,2.0,0.08561111111111104,0.0
129,7680.0,2.1333333333333333,0.0766666666666666,2.190071916898882,0.0,2.0,0.08688888888888881,0.0
130,7740.0,2.15,0.0766666666666666,2.1761733045901317,0.0,2.0,0.08816666666666657,0.0
131,7800.0,2.1666666666666665,0.0766666666666666,2.1620318635871656,0.0,2.0,0.08944444444444434,0.0
132,7860.0,2.183333333333333,0.0766666666666666,2.147643256878528,0.0,2.0,0.09072222222222211,0.0
133,7920.0,2.2,0.0766666666666666,2.133003066536993,0.0,2.0,0.09199999999999992,0.0
134,7980.0,2.216666666666667,0.0766666666666666,2.118106791564244,0.0,2.0,0.09327777777777768,0.0
135,8040.0,2.2333333333333334,0.0766666666666666,2.1029498456322497,0.0,2.0,0.09455555555555545,0.0
136,8100.0,2.25,0.0766666666666666,2.0875275547072416,0.0,2.0,0.09583333333333321,0.0
137,8160.0,2.2666666666666666,0.0766666666666666,2.0718351545401883,0.0,2.0,0.09711111111111098,0.0
138,8220.0,2.283333333333333,0.0766666666666666,2.0558677880053446,0.0,2.0,0.09838888888888875,0.0
139,8280.0,2.3,0.0766666666666666,2.03962050226556,0.0,2.0,0.09966666666666651,0.0
140,8340.0,2.316666666666667,0.0766666666666666,2.0230882457396198,0.0,2.0,0.10094444444444432,0.0
141,8400.0,2.333333333333333,0.0766666666666666,2.006265864842664,0.0,2.0,0.10222222222222206,0.0
142,8422.048925525056,2.339458034868071,0.0766666666666666,2.000010003576623,0.0,2.0,0.10269178267321864,0.0
