,time,Time(h),current,voltage,Cycle, step,disAh,chgAh
0,0.0,0.0,-5.0,3.1042291972675926,0.0,1.0,0.0,0.0
1,60.0,0.0166666666666666,-5.0,3.725027368971781,0.0,1.0,0.0,0.08333333333333301
2,120.0,0.0333333333333333,-5.0,3.745431386251017,0.0,1.0,0.0,0.1666666666666665
3,180.0,0.05,-5.0,3.7641594782174383,0.0,1.0,0.0,0.25
4,240.0,0.0666666666666666,-5.0,3.7839547277567407,0.0,1.0,0.0,0.333333333333333
5,300.0,0.0833333333333333,-5.0,3.802352323236964,0.0,1.0,0.0,0.4166666666666665
6,360.0,0.1,-5.0,3.815775788041415,0.0,1.0,0.0,0.5
7,420.0,0.1166666666666666,-5.0,3.825319397335156,0.0,1.0,0.0,0.5833333333333329
8,480.0,0.1333333333333333,-5.0,3.8333868822772383,0.0,1.0,0.0,0.6666666666666664
9,540.0,0.15,-5.0,3.840394985119847,0.0,1.0,0.0,0.7499999999999999
10,600.0,0.1666666666666666,-5.0,3.8471276022765264,0.0,1.0,0.0,0.8333333333333329
11,660.0,0.1833333333333333,-5.0,3.8546291057014,0.0,1.0,0.0,0.9166666666666664
12,720.0,0.2,-5.0,3.8624684025461646,0.0,1.0,0.0,1.0
13,780.0,0.2166666666666666,-5.0,3.870341545451745,0.0,1.0,0.0,1.0833333333333328
14,840.0,0.2333333333333333,-5.0,3.878125411156248,0.0,1.0,0.0,1.1666666666666665
15,900.0,0.25,-5.0,3.885835230146282,0.0,1.0,0.0,1.25
16,960.0,0.2666666666666666,-5.0,3.893478122792949,0.0,1.0,0.0,1.333333333333333
17,1020.0,0.2833333333333333,-5.0,3.9010903101628895,0.0,1.0,0.0,1.4166666666666665
18,1080.0,0.3,-5.0,3.90875953965283,0.0,1.0,0.0,1.4999999999999998
19,1140.0,0.3166666666666666,-5.0,3.916520972977334,0.0,1.0,0.0,1.5833333333333328
20,1200.0,0.3333333333333333,-5.0,3.924376745021605,0.0,1.0,0.0,1.6666666666666665
21,1260.0,0.35,-5.0,3.932370233748305,0.0,1.0,0.0,1.7499999999999998
22,1320.0,0.3666666666666666,-5.0,3.940518216620469,0.0,1.0,0.0,1.8333333333333328
23,1380.0,0.3833333333333333,-5.0,3.948833279402001,0.0,1.0,0.0,1.9166666666666665
24,1440.0,0.4,-5.0,3.9573355914154376,0.0,1.0,0.0,2.0
25,1500.0,0.4166666666666667,-5.0,3.966046459181935,0.0,1.0,0.0,2.0833333333333335
26,1560.0,0.4333333333333333,-5.0,3.974983560947779,0.0,1.0,0.0,2.1666666666666665
27,1620.0,0.45,-5.0,3.984168039265045,0.0,1.0,0.0,2.25
28,1680.0,0.4666666666666667,-5.0,3.9936348618831854,0.0,1.0,0.0,2.3333333333333335
29,1740.0,0.4833333333333333,-5.0,4.0034360679962,0.0,1.0,0.0,2.4166666666666665
30,1800.0,0.5,-5.0,4.013684725859898,0.0,1.0,0.0,2.5
31,1860.0,0.5166666666666667,-5.0,4.0245744898546745,0.0,1.0,0.0,2.5833333333333335
32,1920.0,0.5333333333333333,-5.0,4.035920700083709,0.0,1.0,0.0,2.6666666666666665
33,1980.0,0.55,-5.0,4.047251598492563,0.0,1.0,0.0,2.75
34,2040.0,0.5666666666666667,-5.0,4.058526734888459,0.0,1.0,0.0,2.833333333333333
35,2100.0,0.5833333333333334,-5.0,4.069828702670413,0.0,1.0,0.0,2.9166666666666665
36,2160.0,0.6,-5.0,4.081235499135236,0.0,1.0,0.0,2.9999999999999996
37,2220.0,0.6166666666666667,-5.0,4.092807023034613,0.0,1.0,0.0,3.083333333333333
38,2280.0,0.6333333333333333,-5.0,4.1045956478918,0.0,1.0,0.0,3.166666666666666
39,2340.0,0.65,-5.0,4.116637793061985,0.0,1.0,0.0,3.2499999999999996
40,2400.0,0.6666666666666666,-5.0,4.128959891530081,0.0,1.0,0.0,3.3333333333333326
41,2460.0,0.6833333333333333,-5.0,4.141578818083326,0.0,1.0,0.0,3.416666666666666
42,2520.0,0.7,-5.0,4.154510166122837,0.0,1.0,0.0,3.499999999999999
43,2580.0,0.7166666666666667,-5.0,4.167767277749458,0.0,1.0,0.0,3.5833333333333326
44,2640.0,0.7333333333333333,-5.0,4.181366538023188,0.0,1.0,0.0,3.6666666666666656
45,2700.0,0.75,-5.0,4.195328085019444,0.0,1.0,0.0,3.749999999999999
46,2719.681984881237,0.755467218022566,-5.0,4.19999,0.0,1.0,0.0,3.7773360901128292
47,2719.681984882237,0.7554672180228438,-5.000383099178878,4.199999999999999,0.0,2.0,0.0,3.7773360901142183
48,2779.681984881237,0.7721338846892326,-4.636246016333704,4.199999999999999,0.0,2.0,0.0,3.8546068570518255
49,2839.681984881237,0.7888005513558993,-4.351626125460771,4.199999999999999,0.0,2.0,0.0,3.9271339591428385
50,2899.681984881237,0.8054672180225659,-4.100708992781898,4.2,0.0,2.0,0.0,3.9954791090225363
51,2959.681984881237,0.8221338846892327,-3.8730293924420103,4.200000000000001,0.0,2.0,0.0,4.06002959889657
52,3019.681984881237,0.8388005513558993,-3.6634655432988334,4.199999999999999,0.0,2.0,0.0,4.12108735795155
53,3079.681984881237,0.855467218022566,-3.468922997958235,4.199999999999999,0.0,2.0,0.0,4.178902741250854
54,3139.681984881237,0.8721338846892326,-3.2873546730797014,4.1999999999999975,0.0,2.0,0.0,4.233691985802182
55,3199.681984881237,0.8888005513558993,-3.1172268220923245,4.2,0.0,2.0,0.0,4.285645766170388
56,3259.681984881237,0.905467218022566,-2.957388742592839,4.2,0.0,2.0,0.0,4.3349355785469355
57,3319.681984881237,0.9221338846892326,-2.80688812504744,4.199999999999998,0.0,2.0,0.0,4.381717047297726
58,3379.681984881237,0.9388005513558992,-2.664989202004537,4.199999999999998,0.0,2.0,0.0,4.426133533997802
59,3439.681984881237,0.955467218022566,-2.5309547912283303,4.199999999999999,0.0,2.0,0.0,4.468316113851607
60,3499.681984881237,0.9721338846892328,-2.404282510041279,4.200000000000001,0.0,2.0,0.0,4.508387489018962
61,3559.681984881237,0.9888005513558992,-2.2844766565317265,4.200000000000003,0.0,2.0,0.0,4.546462099961157
62,3619.681984881237,1.005467218022566,-2.171065947666793,4.200000000000001,0.0,2.0,0.0,4.58264653242227
63,3679.681984881237,1.0221338846892327,-2.0636457977141225,4.199999999999991,0.0,2.0,0.0,4.617040629050839
64,3739.681984881237,1.038800551355899,-1.9618697025553344,4.199999999999995,0.0,2.0,0.0,4.649738457426761
65,3799.681984881237,1.055467218022566,-1.8654030781278168,4.200000000000018,0.0,2.0,0.0,4.680828508728891
66,3859.681984881237,1.0721338846892323,-1.7739182854487092,4.199999999999999,0.0,2.0,0.0,4.710393813486369
67,3919.681984881237,1.0888005513558994,-1.687189065992499,4.199999999999999,0.0,2.0,0.0,4.7385136312529115
68,3979.681984881237,1.105467218022566,-1.6048337569172444,4.2,0.0,2.0,0.0,4.765260860534865
69,4039.681984881237,1.1221338846892326,-1.5266704653675147,4.200000000000001,0.0,2.0,0.0,4.790705368290991
70,4099.681984881237,1.1388005513558992,-1.4524796674134255,4.200000000000001,0.0,2.0,0.0,4.814913362747881
71,4159.681984881237,1.155467218022566,-1.3820447039679686,4.200000000000001,0.0,2.0,0.0,4.837947441147348
72,4219.681984881237,1.1721338846892326,-1.315149930910574,4.199999999999998,0.0,2.0,0.0,4.859866606662524
73,4279.681984881237,1.1888005513558992,-1.2516019697944716,4.200000000000003,0.0,2.0,0.0,4.880726639492432
74,4339.681984881237,1.2054672180225658,-1.1912192868190763,4.199999999999992,0.0,2.0,0.0,4.90058029427275
75,4399.681984881237,1.222133884689233,-1.1338494585744958,4.199999999999999,0.0,2.0,0.0,4.919477785248992
76,4459.681984881237,1.2388005513558993,-1.0793391531775864,4.199999999999999,0.0,2.0,0.0,4.937466771135284
77,4519.681984881237,1.255467218022566,-1.0275056913618066,4.2,0.0,2.0,0.0,4.954591865991314
78,4579.681984881237,1.2721338846892327,-0.978230624605741,4.199999999999999,0.0,2.0,0.0,4.9708957097347435
79,4639.681984881237,1.288800551355899,-0.9313862388060512,4.200000000000001,0.0,2.0,0.0,4.986418813714844
80,4699.681984881237,1.305467218022566,-0.886841773725115,4.1999999999999975,0.0,2.0,0.0,5.001199509943596
81,4759.681984881237,1.3221338846892323,-0.8444817144167129,4.199999999999996,0.0,2.0,0.0,5.015274205183875
82,4819.681984881237,1.3388005513558994,-0.8041928689048154,4.2,0.0,2.0,0.0,5.028677419665622
83,4879.681984881237,1.355467218022566,-0.7658649540814526,4.199999999999999,0.0,2.0,0.0,5.04144183556698
84,4939.681984881237,1.3721338846892326,-0.7293992791272437,4.199999999999999,0.0,2.0,0.0,5.053598490219101
85,4999.681984881237,1.3888005513558992,-0.6947230487622547,4.199999999999999,0.0,2.0,0.0,5.065177207698472
86,5059.681984881237,1.405467218022566,-0.6616976536476059,4.2,0.0,2.0,0.0,5.076205501925932
87,5119.681984881237,1.4221338846892326,-0.6302697411937024,4.199999999999998,0.0,2.0,0.0,5.086709997612494
88,5179.681984881237,1.4388005513558992,-0.6003596697839102,4.200000000000001,0.0,2.0,0.0,5.0967159921088925
89,5239.681984881237,1.4554672180225658,-0.5718986843728071,4.200000000000001,0.0,2.0,0.0,5.1062476368484395
90,5299.681984881237,1.472133884689233,-0.544812802846367,4.199999999999999,0.0,2.0,0.0,5.115327850229212
91,5359.681984881237,1.4888005513558993,-0.5190299406777974,4.200000000000001,0.0,2.0,0.0,5.123978349240509
92,5419.681984881237,1.505467218022566,-0.494482025795175,4.199999999999999,0.0,2.0,0.0,5.132219716337095
93,5479.681984881237,1.5221338846892327,-0.4711075551235449,4.2,0.0,2.0,0.0,5.140071508922487
94,5539.681984881237,1.538800551355899,-0.4488855368676182,4.199999999999999,0.0,2.0,0.0,5.1475529345369475
95,5599.681984881237,1.555467218022566,-0.4276882489014074,4.199999999999999,0.0,2.0,0.0,5.154681072018637
96,5659.681984881237,1.5721338846892323,-0.4074966572702679,4.199999999999999,0.0,2.0,0.0,5.161472682973142
97,5719.681984881237,1.5888005513558994,-0.3882686280706935,4.199999999999998,0.0,2.0,0.0,5.16794382677432
98,5779.681984881237,1.605467218022566,-0.3699556551966268,4.199999999999998,0.0,2.0,0.0,5.174109754360931
99,5839.681984881237,1.6221338846892326,-0.352513569016453,4.199999999999999,0.0,2.0,0.0,5.179984980511205
100,5899.681984881237,1.6388005513558992,-0.3359063870447654,4.200000000000001,0.0,2.0,0.0,5.185583420295284
101,5959.681984881237,1.655467218022566,-0.3200935382883364,4.200000000000001,0.0,2.0,0.0,5.19091831260009
102,6019.681984881237,1.6721338846892326,-0.3050303610717699,4.199999999999999,0.0,2.0,0.0,5.196002151951286
103,6079.681984881237,1.6888005513558992,-0.2907285589759157,4.199999999999999,0.0,2.0,0.0,5.200847627934218
104,6139.681984881237,1.7054672180225658,-0.2770564955950041,4.199999999999999,0.0,2.0,0.0,5.205465236194135
105,6199.681984881237,1.722133884689233,-0.2640234805752696,4.2,0.0,2.0,0.0,5.209865627537056
106,6259.681984881237,1.7388005513558993,-0.2516019311271324,4.2,0.0,2.0,0.0,5.214058993055842
107,6319.681984881237,1.755467218022566,-0.2397647294418689,4.199999999999999,0.0,2.0,0.0,5.218055071879872
108,6379.681984881237,1.7721338846892327,-0.2284857494157922,4.199999999999999,0.0,2.0,0.0,5.221863167703469
109,6439.681984881237,1.788800551355899,-0.2177423540172811,4.199999999999999,0.0,2.0,0.0,5.22549220693709
110,6499.681984881237,1.805467218022566,-0.2075116802571815,4.199999999999999,0.0,2.0,0.0,5.228950734941376
111,6559.681984881237,1.8221338846892323,-0.1977635397020642,4.199999999999998,0.0,2.0,0.0,5.232246793936411
112,6619.681984881237,1.8388005513558996,-0.1884882662649036,4.199999999999999,0.0,2.0,0.0,5.235388265040826
113,6679.681984881237,1.855467218022566,-0.1796319137619825,4.2,0.0,2.0,0.0,5.2383821302701925
114,6739.681984881237,1.8721338846892328,-0.1711882420084949,4.2,0.0,2.0,0.0,5.241235267637001
115,6773.113769774051,1.8814204916039032,-0.1666766666666667,4.199999999999999,0.0,2.0,0.0,5.242783128322182
